first_name,last_name,email,ip_address,city,address,lon,lat
Nichole,Welden,nwelden0@live.com,120.195.61.62,Xinxu,6011 Lakewood Road,114.333767,22.863502
Weston,Reijmers,wreijmers1@gmpg.org,88.4.94.84,Tebara,7398 Autumn Leaf Circle,119.4382459,-9.6582303
Damien,Touson,dtouson2@sfgate.com,162.13.179.144,Henglu,3 Victoria Court,121.022581,31.627447
Jany,Wilkes,jwilkes3@blogger.com,251.75.8.90,Old Shinyanga,2135 Elgar Place,33.4075149,-3.5594169
Nigel,Thorbon,nthorbon4@fotki.com,69.155.163.248,Wadi Kidul,76 Muir Circle,106.6717451,-6.2736138
Doro,Peile,dpeile5@rambler.ru,229.0.96.155,Honglu,00952 Village Green Circle,112.390857,35.293048
Elisha,Youhill,eyouhill6@ucoz.ru,243.104.77.30,Artur Nogueira,84 Pepper Wood Road,-47.1731269,-22.573223
Rafaellle,Amoss,ramoss7@ucoz.ru,52.193.96.49,Lanlacuni Bajo,07544 Jana Crossing,-70.414047,-13.47751
Alaine,Sowerby,asowerby8@fotki.com,94.58.118.84,Sidomulyo,705 Hauk Junction,105.4771084,-5.5844754
Eugen,Glazier,eglazier9@theglobeandmail.com,65.95.212.65,Turpo,43 Shopko Court,-73.4761429,-13.77575
Cullie,Reagan,creagana@hao123.com,121.50.11.237,Mirskoy,853 Onsgard Court,40.4010024,45.5426102
Shanda,Hinckley,shinckleyb@yellowpages.com,4.203.124.59,Kampungsusah,8 Maryland Drive,123.237,-8.3052
Courtenay,Vermer,cvermerc@chron.com,78.201.23.190,Tamansari,44682 Arapahoe Trail,110.3592495,-7.8100327
Avivah,Faltin,afaltind@twitpic.com,88.238.160.137,Kretinga,6 Schlimgen Place,21.2431408,55.8884553
Ruthanne,Storrs,rstorrse@uiuc.edu,154.111.81.122,Jatimulyo,7 Buell Road,112.6183751,-7.9431343
Northrup,Musto,nmustof@cornell.edu,88.108.215.106,Bingfang,5 Muir Park,121.293439,32.271335
Giovanna,Scola,gscolag@spiegel.de,4.111.180.197,Suban,90259 Roxbury Park,117.279653,25.313443
Konstance,Bottjer,kbottjerh@sitemeter.com,36.139.58.245,Lefkímmi,287 Eastlawn Parkway,20.0718612,39.42309
Bryn,Fogel,bfogeli@umich.edu,160.132.107.116,Jincheng,8 Melby Point,118.3155101,24.4320647
Nickolaus,Yarrow,nyarrowj@so-net.ne.jp,52.148.220.62,Novikovo,25 Ronald Regan Point,85.9779314,52.5277159
Javier,Gerrietz,jgerrietzk@acquirethisname.com,16.44.136.60,Toba,5 Sunnyside Way,20.5792392,45.6910361
Mychal,Rhucroft,mrhucroftl@newsvine.com,105.235.154.89,Pecna,79095 Welch Pass,16.7971141,52.1867388
Arlyn,Kivelle,akivellem@fda.gov,15.8.240.45,Riangderi,9487 Lyons Point,123.3026,-8.3628
Joella,Skittreal,jskittrealn@blogtalkradio.com,24.44.88.186,Bobrovka,29480 Jackson Avenue,61.7492324,54.0473494
Alfy,Matyasik,amatyasiko@economist.com,132.64.200.255,Thị Trấn Nghèn,8109 Sunbrook Lane,105.7644596,18.4529003
Nonah,Hubback,nhubbackp@prlog.org,136.179.70.58,Fengping,15 Lyons Point,111.793796,27.632803
Felice,Wolvey,fwolveyq@simplemachines.org,65.80.219.85,Drogomyśl,9 Village Green Junction,18.7571935,49.8693962
Pooh,Djorevic,pdjorevicr@blog.com,172.105.129.63,Cikandang,7606 Bunker Hill Crossing,107.7458559,-7.382645
Fredek,Dalton,fdaltons@oakley.com,59.141.177.139,Tanjay,011 Prairieview Avenue,121.0468246,14.6925714
Sal,de Vaen,sdevaent@aol.com,128.161.123.185,Buinsk,60061 Heath Center,47.0592319,55.195577
Elise,Skirvane,eskirvaneu@ucsd.edu,72.75.69.83,Amaury,18 Straubel Lane,57.6679912,-20.1364103
Maddalena,Mussalli,mmussalliv@vk.com,32.28.27.193,Bayt Ūlā,4 Morningstar Center,35.026375,31.598422
Trever,Kenwrick,tkenwrickw@merriam-webster.com,13.207.90.56,Saint-Maurice-l'Exil,8 Nobel Crossing,4.77996,45.39771
Cyril,Barkworth,cbarkworthx@google.ru,251.115.0.201,Loureiro,221 Hooker Point,-8.3338509,41.7936783
Susanetta,Azemar,sazemary@desdev.cn,22.30.213.108,Shah Alam,6925 Oakridge Point,101.5326734,3.0100681
Monah,Ravilus,mravilusz@goodreads.com,111.150.102.123,Kebonagung,440 Jackson Point,113.6770012,-8.1611036
Annemarie,Haward,ahaward10@last.fm,232.87.56.82,Dū Qal‘ah,1243 Express Junction,61.4469,32.14237
Wyndham,Garms,wgarms11@blog.com,59.0.181.61,Jiangyi,96 Vidon Place,120.284938,31.920658
Rodd,Kean,rkean12@cdc.gov,41.96.228.228,Piława Górna,192 Lakewood Gardens Trail,16.7525932,50.6927144
Tiler,Campelli,tcampelli13@icq.com,45.130.138.155,Al Qardāḩah,0 New Castle Parkway,36.1328132,35.3772103
Marlene,Sedgeworth,msedgeworth14@sfgate.com,198.181.181.42,Bakulong,9192 Waxwing Point,120.6385,15.5379
Bellina,Bathurst,bbathurst15@baidu.com,125.210.247.170,Aix-en-Provence,5 Burning Wood Crossing,4.9548261,43.7883496
Skell,Shoppee,sshoppee16@salon.com,209.69.211.190,Västra Frölunda,963 Valley Edge Terrace,11.8784699,57.6670364
Ellswerth,Sesser,esesser17@odnoklassniki.ru,106.12.244.146,Hongjiaguan,10 Miller Center,110.166477,29.474413
Shirleen,Bartke,sbartke18@auda.org.au,36.230.63.183,Rayside-Balfour,46 Hanover Junction,-81.20763,46.60873
Steffane,Kubicki,skubicki19@dmoz.org,141.104.165.78,Alfta,5 Comanche Place,16.0604207,61.3444468
Romola,Denington,rdenington1a@businesswire.com,186.226.1.198,Tinambacan,346 Boyd Pass,124.508607,12.0969337
Guglielma,Drains,gdrains1b@nifty.com,129.230.26.161,Bakaran Kulon,6364 Westerfield Drive,111.1280093,-6.7047548
Candide,Salling,csalling1c@shop-pro.jp,121.104.51.156,Basud,7 Hagan Lane,122.955697,14.048167
Kermit,Cresar,kcresar1d@topsy.com,110.93.222.218,Nanping,30 1st Crossing,118.17771,26.641774
Trixie,Fosserd,tfosserd1e@spiegel.de,164.210.122.140,Black River,4 West Center,-77.856738,18.0335359
Dante,Lethibridge,dlethibridge1f@mlb.com,225.71.209.176,Palaióchora,476 Claremont Street,23.6819128,35.2294606
Desiri,Gillespey,dgillespey1g@psu.edu,235.112.138.172,Zhongxin,092 Valley Edge Drive,16.3587247,48.1973404
Winthrop,Veldstra,wveldstra1h@netlog.com,86.147.21.34,Beya,1710 Bartelt Hill,90.944621,53.0475258
Anthia,Crellim,acrellim1i@ning.com,117.217.136.152,Tiraspol,340 Graceland Pass,29.6319884,46.8376386
Cesar,Buckner,cbuckner1j@comcast.net,109.234.23.174,Gorodishche,4502 Norway Maple Pass,44.4777899,48.816388
Audrie,Hedde,ahedde1k@arizona.edu,110.123.95.79,Punta Hermosa,465 Orin Point,-76.8138804,-12.3108043
Mirelle,Ornells,mornells1l@bluehost.com,134.51.158.225,Moyogalpa,66 Monica Point,-85.6986957,11.5399857
Rita,Felix,rfelix1m@imdb.com,36.53.140.13,Cibanten,0 Huxley Circle,108.4098014,-7.7071613
Didi,Nyland,dnyland1n@house.gov,136.217.27.185,Golem,85223 Clemons Lane,19.5449078,41.2311557
Frieda,Pfaff,fpfaff1o@hostgator.com,234.1.243.194,Sap Yai,93 Forster Terrace,100.2625222,16.75245
Gannie,Labbe,glabbe1p@cmu.edu,69.76.208.27,Yangping,97 Nelson Court,112.305145,22.183206
Luci,Hyde-Chambers,lhydechambers1q@shareasale.com,171.190.157.66,Almeria,27886 Evergreen Point,121.0011959,14.3876884
Eddy,Crossfeld,ecrossfeld1r@illinois.edu,186.0.206.181,Banyubang,6731 Judy Circle,112.4142453,-6.9244162
Risa,Fruchter,rfruchter1s@google.com.hk,47.248.105.67,Shipaidong,3 Utah Lane,111.197459,21.850061
Brander,Matthessen,bmatthessen1t@lycos.com,221.188.177.149,Plato,01 Park Meadow Way,-74.7975249,9.791337
Karil,Norcross,knorcross1u@gnu.org,158.101.70.84,San Juan Ixcoy,97478 Manley Court,-91.44528,15.59972
Ibbie,Shale,ishale1v@sourceforge.net,153.195.19.114,Port Louis,811 Florence Drive,57.5012222,-20.1608912
Yehudi,Sango,ysango1w@shareasale.com,39.122.200.10,Marína,50406 Miller Avenue,22.1007382,40.6919067
Orv,Boseley,oboseley1x@godaddy.com,234.235.215.90,Pinggan,5 Corben Circle,115.3874591,-8.2024827
Madlen,Glasheen,mglasheen1y@nbcnews.com,254.48.124.175,Velyki Kopany,2 Mcbride Pass,32.97498,46.48684
Correy,Hunnybun,chunnybun1z@opensource.org,213.165.23.75,Suifenhe,881 Blue Bill Park Center,131.152545,44.412308
Billie,Ridley,bridley20@loc.gov,47.214.188.202,Linhares,46 Dawn Pass,-40.0658731,-19.39656
Clemmie,McAlister,cmcalister21@t-online.de,213.232.87.213,Yishi,854 Gateway Junction,113.29083,23.1350488
Taylor,Amberson,tamberson22@qq.com,109.106.82.48,Shangani,15093 Delaware Plaza,29.3627814,-19.7775397
Clotilda,Grose,cgrose23@fc2.com,147.9.201.107,Bayshint,02961 Bartillon Plaza,90.2905901,49.663978
Berty,Brinded,bbrinded24@pagesperso-orange.fr,222.208.49.185,Kálymnos,19618 Delaware Street,26.9807653,36.9522824
Willey,Wolfinger,wwolfinger25@dailymotion.com,224.218.157.127,Bozoum,694 Hintze Point,16.3758145,6.3188032
Raoul,Robrose,rrobrose26@discovery.com,29.188.177.216,Podgorica,20 Melvin Plaza,19.2593642,42.4304196
Juliann,Seefus,jseefus27@virginia.edu,218.96.152.43,Sangkulirang,3 Holy Cross Park,118.0654445,1.0357171
Padraic,Lefever,plefever28@usgs.gov,106.13.190.205,Jenamas,9 Raven Center,114.8804853,-2.430223
Yetty,Hounsom,yhounsom29@networksolutions.com,180.152.67.99,Ban Mai,783 Lyons Avenue,98.8113193,17.9469612
Janelle,Layson,jlayson2a@army.mil,50.128.38.40,Xiaoshi,09 Sunbrook Place,124.120286,41.305838
Robbie,Finnemore,rfinnemore2b@icio.us,127.30.89.27,Jieyang,4 Northfield Street,116.372708,23.549701
Seana,Sylett,ssylett2c@ted.com,98.70.14.159,Lüderitz,39 Anderson Point,15.1639082,-26.6420382
Gabe,Gater,ggater2d@blogs.com,65.218.131.169,Vlachovice,329 Loftsgordon Drive,16.041166,49.5970348
Lanita,Stiger,lstiger2e@weibo.com,228.220.253.33,Borne Sulinowo,3652 Pond Park,16.5355185,53.5760481
Gilda,Arenson,garenson2f@flickr.com,248.32.182.70,Kiboga,78758 Ohio Center,31.7195459,0.965759
Stephenie,Gaynor,sgaynor2g@youtu.be,18.99.227.230,Chadian,3497 Lillian Lane,104.012972,30.694308
Sascha,Costy,scosty2h@reverbnation.com,52.221.48.196,Ete,4 Continental Road,7.449732,7.061611
Alister,Seamon,aseamon2i@people.com.cn,77.58.75.7,Tegalgede Kulon,4359 Southridge Terrace,110.9655659,-7.6095457
Gerri,Boutflour,gboutflour2j@kickstarter.com,57.79.158.63,Nanggewer,8918 Carey Junction,106.8325872,-6.5114699
Roxi,Wolfart,rwolfart2k@networkadvertising.org,116.169.173.94,Samālūţ,7 Victoria Park,30.7116561,28.297814
Roderigo,Yakovliv,ryakovliv2l@icio.us,125.38.51.171,Durazno,83 Lakewood Gardens Lane,-56.5275506,-33.3822982
Meredith,Hazael,mhazael2m@imageshack.us,121.100.192.236,Casilda,14983 Elka Junction,-60.6923382,-32.9285798
Arlene,Domleo,adomleo2n@addthis.com,69.205.44.223,Minbu,94 South Terrace,94.8702156,20.1713723
Yoshi,Moyse,ymoyse2o@infoseek.co.jp,46.54.48.223,Bureng,0 Mockingbird Place,-15.2765351,13.4198217
Garwood,Whereat,gwhereat2p@smh.com.au,59.186.114.166,Plácido de Castro,2681 Farmco Street,-67.2847875,-10.2313205
Corey,Cann,ccann2q@fotki.com,166.165.19.140,Pondaguitan,11150 Westport Lane,126.17778,6.36115
Carter,Greenhill,cgreenhill2r@soundcloud.com,135.97.2.99,La Ceja,4 Hanson Circle,-75.431596,6.027632
